timestamp,accX,accY,accZ,gyrX,gyrY,gyrZ
0,-676,984,250,-13135,-531,-1610
20,-357,1011,340,-11053,-1801,3136
40,-402,743,318,-7109,-7359,6485
60,-448,133,0,-1424,-12521,6808
80,-742,-259,-158,5142,-15545,7836
100,-2344,-1247,-163,11918,-19550,9777
120,-3667,-1454,462,18685,-15208,10115
140,-3922,-1879,1397,22433,-8818,12348
160,-3926,-959,1929,21720,-2159,14801
180,-3926,-807,2071,17048,646,17689
200,-3926,-1007,2028,10376,882,18555
220,-3926,-1135,1765,4807,-596,18624
240,-3921,-1256,959,2094,-2421,17348
260,-3082,-1308,359,2103,-2971,14302
280,-1648,-1345,-322,3645,-1403,10012
300,-703,-1347,-465,4487,620,4067
320,-324,-1297,-389,3282,1003,-3349
340,-749,-186,389,626,462,-11083
360,-551,-181,-548,-5637,-2848,-13753
380,-1814,122,304,-7198,-1056,-18927
400,-3187,400,701,-8428,-4981,-22944
420,-3078,-448,965,-7620,-2293,-18934
440,-3511,-655,572,-5394,-1785,-12585
460,-3925,-396,1125,-5110,-1731,-22229
480,-3926,-683,1196,-2048,-2269,-20139
500,-3926,-574,1451,-1248,-3993,-19627
520,-3926,-178,1113,-2253,-5094,-17358
540,-3457,79,896,-5185,-5098,-14621
560,-2514,434,623,-8548,-4322,-11716
580,-1758,721,309,-11057,-3904,-8599
600,-820,1052,0,-11800,-3473,-4695
620,-470,1164,-22,-10754,-3987,-467
640,-204,989,-86,-7831,-5913,3338
660,-280,699,-5,-2693,-7994,5864
680,-90,269,-245,4093,-10601,7122
700,-700,-202,-215,10765,-11706,10069
720,-1889,-825,-73,17119,-13356,13510
740,-3926,-980,929,22073,-5342,15215
760,-3926,-711,1646,20946,551,15270
780,-3926,-593,2081,16159,3639,17304
800,-3926,-893,2080,9651,2716,18796
820,-3926,-1301,2043,4373,868,19742
840,-3926,-1403,1657,2094,-993,19828
860,-3926,-1413,794,2508,-1799,17468
880,-2524,-1362,14,4546,-877,13581
900,-1571,-1330,-296,6558,1062,8498
920,815,-2777,-331,4938,1566,440
940,4,-829,-706,-737,182,-9694
960,-757,-780,-88,-1266,69,-12094
980,-966,-286,253,-2919,-1025,-15180
1000,-1240,-18,88,-4597,-2288,-17338
1020,-1817,85,216,-4925,-1999,-19265
1040,-3065,46,615,-4441,-1498,-20964
1060,-3924,-271,1275,-3815,-2672,-22342
1080,-3926,-678,1607,-3261,-4514,-22495
1100,-3926,-674,1587,-2774,-5647,-20144
1120,-3926,-264,1206,-3957,-6504,-17921
1140,-3352,143,819,-6257,-6072,-14497
1160,-2585,418,525,-8673,-5356,-11567
1180,-1330,842,88,-9760,-4265,-8384
1200,-725,1074,-38,-9080,-3940,-4274
1220,-130,1279,-83,-6880,-5347,-373
1240,135,1338,102,-3237,-7526,1639
1260,369,993,-146,2314,-12580,1850
1280,196,300,-694,9306,-15739,2229
1300,-1362,-579,-555,16939,-20234,4886
1320,-3926,-2781,-182,25748,-18885,7677
1340,-3919,-1092,1420,28411,-6918,3828
1360,-3380,147,759,27475,343,7691
1380,-3773,-237,1238,21705,1405,11312
1400,-3346,-466,1299,13917,3455,10944
1420,-3058,-715,1094,6871,2665,10720
1440,-2323,-920,497,2341,1900,9283
1460,-1221,-1039,-265,644,2683,6320
1480,-760,-1113,-483,759,4462,1194
1500,-453,-1040,-555,1957,5328,-5938
1520,-669,-699,-370,3624,4977,-13653
1540,-1721,-34,-72,5097,4331,-20432
1560,-3409,399,558,5980,2272,-26638
1580,-3925,12,1168,5818,-2256,-28300
1600,-3926,-674,1930,5825,-5433,-22260
1620,-3926,-679,1888,1925,-10100,-22468
1640,-3926,-271,1483,-163,-10759,-19422
1660,-3926,91,1060,-8615,-10882,-14720
1680,-2748,486,315,-10562,-10084,-13340
1700,-1843,617,34,-11818,-7530,-11363
1720,-893,592,-125,-6383,-5045,-7271
1740,-618,434,-229,-2770,-5282,-5725
1760,-1084,-57,-856,7023,-7881,-3957
1780,-1928,-380,-1212,19199,-14388,-3927
1800,-3926,-2893,-493,30251,-21392,-1305
1820,-3926,72,-506,32568,-9363,444
1840,-3926,1647,543,32532,2099,6898
1860,-3926,482,1205,-32674,14489,12356
1880,-3926,-232,1665,20656,18950,6357
1900,-3733,-805,1446,8965,17905,3673
1920,-2810,-919,1094,1643,13782,2838
1940,-1540,-979,388,-832,9204,1604
1960,-1004,-947,33,461,6456,-2297
1980,-1309,-455,-116,4320,3034,-9346
2000,-3879,401,111,8617,-3653,-17775
2020,-3923,-223,-194,10709,-10379,-25410
2040,-3926,-616,1241,12254,-4368,-22617
2060,-3926,-525,1021,12428,-9840,-17850
2080,-3926,-606,1406,7736,-11838,-17536
2100,-3926,-429,1514,1010,-12968,-13555
2120,-3926,-50,1033,-7769,-12544,-13106
2140,-3689,161,555,-14414,-9263,-12312
2160,-1985,313,-12,-16713,-4080,-11122
2180,-1117,527,-110,-14973,982,-7897
2200,-55,1209,-73,-11669,3375,-2446
2220,215,1977,336,-9012,2526,5033
2240,-52,1888,407,-7356,-2382,13045
2260,-128,994,-13,-3672,-9682,18134
2280,-843,347,-33,2549,-10719,21907
2300,-3715,-1197,415,10839,-10624,25104
2320,-3922,-1492,1291,18387,-6010,21358
2340,-3926,-786,1900,18700,2531,18454
2360,-3926,-997,2551,14833,4977,21373
2380,-3926,-1377,2664,8329,3719,21659
2400,-3926,-1878,2687,3221,1392,23807
2420,-3926,-2064,2354,882,-1908,23814
2440,-3926,-1887,1490,1443,-3568,22581
2460,-3926,-1609,820,3812,-3648,19814
2480,-765,-3656,2925,6395,-2324,16047
2500,-1043,-2824,-1328,-12589,-6672,3454
2520,-2159,-1323,-708,-12299,1531,-9871
2540,-3619,-794,552,-8006,5241,-17808
2560,-3926,-333,1860,-5210,3346,-28585
2580,-3926,-1375,2652,-2944,-352,-28964
2600,-3926,-847,2601,-3678,-3577,-21003
2620,-3926,-1489,2472,-8369,-7255,-24587
2640,-3926,-1489,2253,-9236,-6436,-20982
2660,-3882,1581,-437,-9153,-4636,-22332
2680,3075,2058,505,7026,5023,-9699
2700,-2327,-236,473,5181,-11502,19758
2720,-3766,-1124,2630,10308,1873,28544
2740,-2302,-1413,-890,6431,-13732,8166
2760,-2695,-864,590,6999,-2807,2322
2780,-1611,-717,-114,7526,-2763,6369
2800,-1206,-567,-119,6244,418,4246
2820,-1340,-553,137,3579,3564,1484
2840,-1602,-549,324,-45,4165,-1358
2860,-1581,-563,161,-2701,3200,-3588
2880,-2068,-639,194,-3180,3227,-5271
2900,-2567,-703,388,-2337,3804,-7861
2920,-2773,-629,616,-850,4219,-9083
2940,-2494,-443,557,135,3168,-7894
2960,-1676,-150,302,-367,2111,-6867
2980,-1066,41,63,-1720,2356,-3619
3000,-1057,63,32,-3785,3864,771
3020,-1699,-70,135,-6077,6238,5975
3040,-3769,-577,791,-8493,9956,12361
3060,-3926,-1086,1545,-11379,10022,17983
3080,-3926,-1174,1544,-12004,4867,22126
3100,-3926,-1653,1341,-8553,-1113,23878
3120,-3926,-1901,1060,-2789,-5619,19774
3140,-3636,-1662,454,3563,-6800,14893
3160,-1739,-1185,141,8443,-5711,11500
3180,-1075,-904,582,9441,-4318,8698
3200,542,-370,-3515,-15754,-16379,6351
3220,-1958,-17,160,-27948,5215,-2563
3240,-2057,348,-958,-27831,-3951,-12973
3260,-3926,-492,123,-22025,-2159,-21415
3280,-3926,-1353,529,-11426,-1,-19843
3300,-3926,-1028,1371,-3823,1689,-14998
3320,-3926,-911,1477,-2167,-1817,-24441
3340,-3926,-816,1641,857,-3441,-18946
3360,-3926,-547,1640,-1455,-6624,-18782
3380,-3792,-2,988,-5255,-8506,-15133
3400,-2777,409,666,-10536,-7468,-11913
3420,-1277,993,-47,-15272,-5750,-7165
3440,-395,1472,-453,-18275,-3658,-448
3460,-198,1914,-649,-19106,-3471,8739
3480,-1284,1358,-442,-16796,-6647,18775
3500,-3926,-1654,1054,-6264,-13082,25787
3520,-3926,-2338,1947,686,-12215,20356
3540,-3926,-2701,2009,6364,-11913,20830
3560,-3926,-2381,2136,9759,-9423,18693
3580,-3926,-1797,1603,11032,-5335,17519
3600,-3926,-1174,1232,10010,-854,15820
3620,-3926,-1016,1256,6210,2226,13404
3640,-3175,-912,1020,1253,2602,11938
3660,-2367,-882,586,-2978,1658,10430
3680,-943,-1086,-373,-5139,1693,6434
3700,-260,-1324,-798,-5218,4212,-1239
3720,-126,-1317,-736,-4012,6948,-11165
3740,-1572,-327,128,-3149,5022,-20450
3760,-3695,320,1195,-3453,167,-27026
3780,-2620,-323,800,-4911,-3365,-19110
3800,-3408,-527,1251,-5422,-3986,-9976
3820,-3926,36,947,-8698,-6811,-22149
3840,-3926,-450,1550,-8487,-8467,-23812
3860,-3926,-1517,1924,-5381,-6111,-19615
3880,-3926,-1024,1639,-4266,-6050,-21538
3900,-3926,-416,1226,-4117,-6005,-18191
3920,-3762,7,942,-6024,-6145,-15102
3940,-2845,382,605,-8482,-5490,-11870
3960,-765,1442,-77,-10064,-4997,-7509
3980,179,2621,-443,-10576,-6183,-1659
4000,-860,973,-311,-5878,-11406,14856
4020,-223,772,-289,524,-10495,14737
4040,237,853,-331,7451,-8896,16203
4060,-1303,531,275,11766,-3944,20835
4080,-3904,-459,1086,14670,-1072,25648
4100,-3926,-1573,2666,12995,4884,21875
4120,-3926,-1417,2653,8564,4763,21407
4140,-3926,-1371,2236,3544,3006,22484
4160,-3926,-1474,2044,-329,132,21368
4180,-3926,-1647,1694,-1009,-2514,21215
4200,-3926,-1660,1108,-143,-5081,18456
4220,-3554,-1454,660,1425,-5952,15250
4240,-1537,-1206,-40,2483,-5938,12046
4260,-688,-1076,-16,-1653,-4169,3727
4280,-635,-500,469,-10483,-5611,-4551
4300,-1252,892,360,-22945,-13479,-12192
4320,-3923,2304,252,-31642,-14110,-20128
4340,-3923,1004,840,-32585,-10699,-12692
4360,-3025,-819,-1554,-25285,2138,-2685
4380,-3923,-2399,1758,-17508,11197,-15736
4400,-3926,-1851,578,-7351,12026,-10845
4420,-3926,-1576,1784,-3225,10537,-16084
4440,-3926,-820,1663,-1702,8426,-15348
4460,-2592,127,1339,-4804,4445,-11481
4480,-1073,905,975,-11372,1375,-3836
4500,320,1976,88,-14950,279,1869
4520,-806,1933,-234,-19281,-6587,23039
4540,-3926,-326,813,-13427,-12008,30522
4560,-3926,-2057,2256,-8750,-15209,21271
4580,-3926,-2958,2061,-2121,-16977,21220
4600,-3926,-2573,1418,3422,-15041,15733
4620,-3926,-2221,1414,8289,-10453,14965
4640,-3926,-1510,1041,10794,-6223,13500
4660,-3335,-994,910,9887,-1600,12520
4680,-2231,-756,532,6058,1356,11986
4700,-646,-875,-282,668,3752,10267
4720,2654,-3213,-906,-5319,5330,3162
4740,-641,-865,-10,-7302,6108,-8796
4760,-874,-327,419,-9354,4600,-12257
4780,-877,-11,154,-11921,-161,-12888
4800,-1057,-102,-383,-11987,-3730,-12961
4820,-3238,-15,234,-9804,-2476,-19090
4840,-3925,-847,1512,-6812,-1697,-26920
4860,-3926,-1308,1292,-1086,-3436,-16454
4880,-3926,-778,1573,-1635,-4929,-20758
4900,-3926,-729,1495,-2540,-5677,-19080
4920,-3926,-326,1424,-5354,-5022,-15924
4940,-2769,206,792,-9761,-4159,-12910
4960,-306,1071,-322,-14254,-1406,-6819
4980,591,1526,-780,-18283,4083,2297
